Unnamed: 0,Person ID,Gender,Age,Occupation,Sleep Duration,Quality of Sleep,Physical Activity Level,Stress Level,BMI Category,Heart Rate,Daily Steps,Sleep Disorder,systolic,diastolic
0,1,Male,27,Software Engineer,6.1,6,42,6,Overweight,77,4200,,126,83
1,2,Male,28,Doctor,6.2,6,60,8,Normal,75,10000,,125,80
2,3,Male,28,Doctor,6.2,6,60,8,Normal,75,10000,,125,80
3,4,Male,28,Sales Representative,5.9,4,30,8,Obese,85,3000,Sleep Apnea,140,90
4,5,Male,28,Sales Representative,5.9,4,30,8,Obese,85,3000,Sleep Apnea,140,90
5,6,Male,28,Software Engineer,5.9,4,30,8,Obese,85,3000,Insomnia,140,90
6,7,Male,29,Teacher,6.3,6,40,7,Obese,82,3500,Insomnia,140,90
7,8,Male,29,Doctor,7.8,7,75,6,Normal,70,8000,,120,80
8,9,Male,29,Doctor,7.8,7,75,6,Normal,70,8000,,120,80
9,10,Male,29,Doctor,7.8,7,75,6,Normal,70,8000,,120,80
10,11,Male,29,Doctor,6.1,6,30,8,Normal,70,8000,,120,80
11,12,Male,29,Doctor,7.8,7,75,6,Normal,70,8000,,120,80
12,13,Male,29,Doctor,6.1,6,30,8,Normal,70,8000,,120,80
13,14,Male,29,Doctor,6.0,6,30,8,Normal,70,8000,,120,80
14,15,Male,29,Doctor,6.0,6,30,8,Normal,70,8000,,120,80
15,16,Male,29,Doctor,6.0,6,30,8,Normal,70,8000,,120,80
16,17,Female,29,Nurse,6.5,5,40,7,Normal Weight,80,4000,Sleep Apnea,132,87
17,18,Male,29,Doctor,6.0,6,30,8,Normal,70,8000,Sleep Apnea,120,80
18,19,Female,29,Nurse,6.5,5,40,7,Normal Weight,80,4000,Insomnia,132,87
19,20,Male,30,Doctor,7.6,7,75,6,Normal,70,8000,,120,80
20,21,Male,30,Doctor,7.7,7,75,6,Normal,70,8000,,120,80
21,22,Male,30,Doctor,7.7,7,75,6,Normal,70,8000,,120,80
22,23,Male,30,Doctor,7.7,7,75,6,Normal,70,8000,,120,80
23,24,Male,30,Doctor,7.7,7,75,6,Normal,70,8000,,120,80
24,25,Male,30,Doctor,7.8,7,75,6,Normal,70,8000,,120,80
25,26,Male,30,Doctor,7.9,7,75,6,Normal,70,8000,,120,80
26,27,Male,30,Doctor,7.8,7,75,6,Normal,70,8000,,120,80
27,28,Male,30,Doctor,7.9,7,75,6,Normal,70,8000,,120,80
28,29,Male,30,Doctor,7.9,7,75,6,Normal,70,8000,,120,80
29,30,Male,30,Doctor,7.9,7,75,6,Normal,70,8000,,120,80
30,31,Female,30,Nurse,6.4,5,35,7,Normal Weight,78,4100,Sleep Apnea,130,86
31,32,Female,30,Nurse,6.4,5,35,7,Normal Weight,78,4100,Insomnia,130,86
32,33,Female,31,Nurse,7.9,8,75,4,Normal Weight,69,6800,,117,76
33,34,Male,31,Doctor,6.1,6,30,8,Normal,72,5000,,125,80
34,35,Male,31,Doctor,7.7,7,75,6,Normal,70,8000,,120,80
35,36,Male,31,Doctor,6.1,6,30,8,Normal,72,5000,,125,80
36,37,Male,31,Doctor,6.1,6,30,8,Normal,72,5000,,125,80
37,38,Male,31,Doctor,7.6,7,75,6,Normal,70,8000,,120,80
38,39,Male,31,Doctor,7.6,7,75,6,Normal,70,8000,,120,80
39,40,Male,31,Doctor,7.6,7,75,6,Normal,70,8000,,120,80
40,41,Male,31,Doctor,7.7,7,75,6,Normal,70,8000,,120,80
41,42,Male,31,Doctor,7.7,7,75,6,Normal,70,8000,,120,80
42,43,Male,31,Doctor,7.7,7,75,6,Normal,70,8000,,120,80
43,44,Male,31,Doctor,7.8,7,75,6,Normal,70,8000,,120,80
44,45,Male,31,Doctor,7.7,7,75,6,Normal,70,8000,,120,80
45,46,Male,31,Doctor,7.8,7,75,6,Normal,70,8000,,120,80
46,47,Male,31,Doctor,7.7,7,75,6,Normal,70,8000,,120,80
47,48,Male,31,Doctor,7.8,7,75,6,Normal,70,8000,,120,80
48,49,Male,31,Doctor,7.7,7,75,6,Normal,70,8000,,120,80
49,50,Male,31,Doctor,7.7,7,75,6,Normal,70,8000,Sleep Apnea,120,80
50,51,Male,32,Engineer,7.5,8,45,3,Normal,70,8000,,120,80
51,52,Male,32,Engineer,7.5,8,45,3,Normal,70,8000,,120,80
52,53,Male,32,Doctor,6.0,6,30,8,Normal,72,5000,,125,80
53,54,Male,32,Doctor,7.6,7,75,6,Normal,70,8000,,120,80
54,55,Male,32,Doctor,6.0,6,30,8,Normal,72,5000,,125,80
55,56,Male,32,Doctor,6.0,6,30,8,Normal,72,5000,,125,80
56,57,Male,32,Doctor,7.7,7,75,6,Normal,70,8000,,120,80
57,58,Male,32,Doctor,6.0,6,30,8,Normal,72,5000,,125,80
58,59,Male,32,Doctor,6.0,6,30,8,Normal,72,5000,,125,80
59,60,Male,32,Doctor,7.7,7,75,6,Normal,70,8000,,120,80
60,61,Male,32,Doctor,6.0,6,30,8,Normal,72,5000,,125,80
61,62,Male,32,Doctor,6.0,6,30,8,Normal,72,5000,,125,80
62,63,Male,32,Doctor,6.2,6,30,8,Normal,72,5000,,125,80
63,64,Male,32,Doctor,6.2,6,30,8,Normal,72,5000,,125,80
64,65,Male,32,Doctor,6.2,6,30,8,Normal,72,5000,,125,80
65,66,Male,32,Doctor,6.2,6,30,8,Normal,72,5000,,125,80
66,67,Male,32,Accountant,7.2,8,50,6,Normal Weight,68,7000,,118,76
67,68,Male,33,Doctor,6.0,6,30,8,Normal,72,5000,Insomnia,125,80
68,69,Female,33,Scientist,6.2,6,50,6,Overweight,76,5500,,128,85
69,70,Female,33,Scientist,6.2,6,50,6,Overweight,76,5500,,128,85
70,71,Male,33,Doctor,6.1,6,30,8,Normal,72,5000,,125,80
71,72,Male,33,Doctor,6.1,6,30,8,Normal,72,5000,,125,80
72,73,Male,33,Doctor,6.1,6,30,8,Normal,72,5000,,125,80
73,74,Male,33,Doctor,6.1,6,30,8,Normal,72,5000,,125,80
74,75,Male,33,Doctor,6.0,6,30,8,Normal,72,5000,,125,80
75,76,Male,33,Doctor,6.0,6,30,8,Normal,72,5000,,125,80
76,77,Male,33,Doctor,6.0,6,30,8,Normal,72,5000,,125,80
77,78,Male,33,Doctor,6.0,6,30,8,Normal,72,5000,,125,80
78,79,Male,33,Doctor,6.0,6,30,8,Normal,72,5000,,125,80
79,80,Male,33,Doctor,6.0,6,30,8,Normal,72,5000,,125,80
80,81,Female,34,Scientist,5.8,4,32,8,Overweight,81,5200,Sleep Apnea,131,86
81,82,Female,34,Scientist,5.8,4,32,8,Overweight,81,5200,Sleep Apnea,131,86
82,83,Male,35,Teacher,6.7,7,40,5,Overweight,70,5600,,128,84
83,84,Male,35,Teacher,6.7,7,40,5,Overweight,70,5600,,128,84
84,85,Male,35,Software Engineer,7.5,8,60,5,Normal Weight,70,8000,,120,80
85,86,Female,35,Accountant,7.2,8,60,4,Normal,68,7000,,115,75
86,87,Male,35,Engineer,7.2,8,60,4,Normal,65,5000,,125,80
87,88,Male,35,Engineer,7.2,8,60,4,Normal,65,5000,,125,80
88,89,Male,35,Engineer,7.3,8,60,4,Normal,65,5000,,125,80
89,90,Male,35,Engineer,7.3,8,60,4,Normal,65,5000,,125,80
90,91,Male,35,Engineer,7.3,8,60,4,Normal,65,5000,,125,80
91,92,Male,35,Engineer,7.3,8,60,4,Normal,65,5000,,125,80
92,93,Male,35,Software Engineer,7.5,8,60,5,Normal Weight,70,8000,,120,80
93,94,Male,35,Lawyer,7.4,7,60,5,Obese,84,3300,Sleep Apnea,135,88
94,95,Female,36,Accountant,7.2,8,60,4,Normal,68,7000,Insomnia,115,75
95,96,Female,36,Accountant,7.1,8,60,4,Normal,68,7000,,115,75
96,97,Female,36,Accountant,7.2,8,60,4,Normal,68,7000,,115,75
97,98,Female,36,Accountant,7.1,8,60,4,Normal,68,7000,,115,75
98,99,Female,36,Teacher,7.1,8,60,4,Normal,68,7000,,115,75
99,100,Female,36,Teacher,7.1,8,60,4,Normal,68,7000,,115,75
100,101,Female,36,Teacher,7.2,8,60,4,Normal,68,7000,,115,75
101,102,Female,36,Teacher,7.2,8,60,4,Normal,68,7000,,115,75
102,103,Female,36,Teacher,7.2,8,60,4,Normal,68,7000,,115,75
103,104,Male,36,Teacher,6.6,5,35,7,Overweight,74,4800,Sleep Apnea,129,84
104,105,Female,36,Teacher,7.2,8,60,4,Normal,68,7000,Sleep Apnea,115,75
105,106,Male,36,Teacher,6.6,5,35,7,Overweight,74,4800,Insomnia,129,84
106,107,Female,37,Nurse,6.1,6,42,6,Overweight,77,4200,,126,83
107,108,Male,37,Engineer,7.8,8,70,4,Normal Weight,68,7000,,120,80
108,109,Male,37,Engineer,7.8,8,70,4,Normal Weight,68,7000,,120,80
109,110,Male,37,Lawyer,7.4,8,60,5,Normal,68,8000,,130,85
110,111,Female,37,Accountant,7.2,8,60,4,Normal,68,7000,,115,75
111,112,Male,37,Lawyer,7.4,8,60,5,Normal,68,8000,,130,85
112,113,Female,37,Accountant,7.2,8,60,4,Normal,68,7000,,115,75
113,114,Male,37,Lawyer,7.4,8,60,5,Normal,68,8000,,130,85
114,115,Female,37,Accountant,7.2,8,60,4,Normal,68,7000,,115,75
115,116,Female,37,Accountant,7.2,8,60,4,Normal,68,7000,,115,75
116,117,Female,37,Accountant,7.2,8,60,4,Normal,68,7000,,115,75
117,118,Female,37,Accountant,7.2,8,60,4,Normal,68,7000,,115,75
118,119,Female,37,Accountant,7.2,8,60,4,Normal,68,7000,,115,75
119,120,Female,37,Accountant,7.2,8,60,4,Normal,68,7000,,115,75
120,121,Female,37,Accountant,7.2,8,60,4,Normal,68,7000,,115,75
121,122,Female,37,Accountant,7.2,8,60,4,Normal,68,7000,,115,75
122,123,Female,37,Accountant,7.2,8,60,4,Normal,68,7000,,115,75
123,124,Female,37,Accountant,7.2,8,60,4,Normal,68,7000,,115,75
124,125,Female,37,Accountant,7.2,8,60,4,Normal,68,7000,,115,75
125,126,Female,37,Nurse,7.5,8,60,4,Normal Weight,70,8000,,120,80
126,127,Male,38,Lawyer,7.3,8,60,5,Normal,68,8000,,130,85
127,128,Female,38,Accountant,7.1,8,60,4,Normal,68,7000,,115,75
128,129,Male,38,Lawyer,7.3,8,60,5,Normal,68,8000,,130,85
129,130,Male,38,Lawyer,7.3,8,60,5,Normal,68,8000,,130,85
130,131,Female,38,Accountant,7.1,8,60,4,Normal,68,7000,,115,75
131,132,Male,38,Lawyer,7.3,8,60,5,Normal,68,8000,,130,85
132,133,Male,38,Lawyer,7.3,8,60,5,Normal,68,8000,,130,85
133,134,Female,38,Accountant,7.1,8,60,4,Normal,68,7000,,115,75
134,135,Male,38,Lawyer,7.3,8,60,5,Normal,68,8000,,130,85
135,136,Male,38,Lawyer,7.3,8,60,5,Normal,68,8000,,130,85
136,137,Female,38,Accountant,7.1,8,60,4,Normal,68,7000,,115,75
137,138,Male,38,Lawyer,7.1,8,60,5,Normal,68,8000,,130,85
138,139,Female,38,Accountant,7.1,8,60,4,Normal,68,7000,,115,75
139,140,Male,38,Lawyer,7.1,8,60,5,Normal,68,8000,,130,85
140,141,Female,38,Accountant,7.1,8,60,4,Normal,68,7000,,115,75
141,142,Male,38,Lawyer,7.1,8,60,5,Normal,68,8000,,130,85
142,143,Female,38,Accountant,7.1,8,60,4,Normal,68,7000,,115,75
143,144,Female,38,Accountant,7.1,8,60,4,Normal,68,7000,,115,75
144,145,Male,38,Lawyer,7.1,8,60,5,Normal,68,8000,Sleep Apnea,130,85
145,146,Female,38,Lawyer,7.4,7,60,5,Obese,84,3300,Sleep Apnea,135,88
146,147,Male,39,Lawyer,7.2,8,60,5,Normal,68,8000,Insomnia,130,85
147,148,Male,39,Engineer,6.5,5,40,7,Overweight,80,4000,Insomnia,132,87
148,149,Female,39,Lawyer,6.9,7,50,6,Normal Weight,75,5500,,128,85
149,150,Female,39,Accountant,8.0,9,80,3,Normal Weight,67,7500,,115,78
150,151,Female,39,Accountant,8.0,9,80,3,Normal Weight,67,7500,,115,78
151,152,Male,39,Lawyer,7.2,8,60,5,Normal,68,8000,,130,85
152,153,Male,39,Lawyer,7.2,8,60,5,Normal,68,8000,,130,85
153,154,Male,39,Lawyer,7.2,8,60,5,Normal,68,8000,,130,85
154,155,Male,39,Lawyer,7.2,8,60,5,Normal,68,8000,,130,85
155,156,Male,39,Lawyer,7.2,8,60,5,Normal,68,8000,,130,85
156,157,Male,39,Lawyer,7.2,8,60,5,Normal,68,8000,,130,85
157,158,Male,39,Lawyer,7.2,8,60,5,Normal,68,8000,,130,85
158,159,Male,39,Lawyer,7.2,8,60,5,Normal,68,8000,,130,85
159,160,Male,39,Lawyer,7.2,8,60,5,Normal,68,8000,,130,85
160,161,Male,39,Lawyer,7.2,8,60,5,Normal,68,8000,,130,85
161,162,Female,40,Accountant,7.2,8,55,6,Normal Weight,73,7300,,119,77
162,163,Female,40,Accountant,7.2,8,55,6,Normal Weight,73,7300,,119,77
163,164,Male,40,Lawyer,7.9,8,90,5,Normal,68,8000,,130,85
164,165,Male,40,Lawyer,7.9,8,90,5,Normal,68,8000,,130,85
165,166,Male,41,Lawyer,7.6,8,90,5,Normal,70,8000,Insomnia,130,85
166,167,Male,41,Engineer,7.3,8,70,6,Normal Weight,72,6200,,121,79
167,168,Male,41,Lawyer,7.1,7,55,6,Overweight,72,6000,,125,82
168,169,Male,41,Lawyer,7.1,7,55,6,Overweight,72,6000,,125,82
169,170,Male,41,Lawyer,7.7,8,90,5,Normal,70,8000,,130,85
170,171,Male,41,Lawyer,7.7,8,90,5,Normal,70,8000,,130,85
171,172,Male,41,Lawyer,7.7,8,90,5,Normal,70,8000,,130,85
172,173,Male,41,Lawyer,7.7,8,90,5,Normal,70,8000,,130,85
173,174,Male,41,Lawyer,7.7,8,90,5,Normal,70,8000,,130,85
174,175,Male,41,Lawyer,7.6,8,90,5,Normal,70,8000,,130,85
175,176,Male,41,Lawyer,7.6,8,90,5,Normal,70,8000,,130,85
176,177,Male,41,Lawyer,7.6,8,90,5,Normal,70,8000,,130,85
177,178,Male,42,Salesperson,6.5,6,45,7,Overweight,72,6000,Insomnia,130,85
178,179,Male,42,Lawyer,7.8,8,90,5,Normal,70,8000,,130,85
179,180,Male,42,Lawyer,7.8,8,90,5,Normal,70,8000,,130,85
180,181,Male,42,Lawyer,7.8,8,90,5,Normal,70,8000,,130,85
181,182,Male,42,Lawyer,7.8,8,90,5,Normal,70,8000,,130,85
182,183,Male,42,Lawyer,7.8,8,90,5,Normal,70,8000,,130,85
183,184,Male,42,Lawyer,7.8,8,90,5,Normal,70,8000,,130,85
184,185,Female,42,Teacher,6.8,6,45,7,Overweight,78,5000,Sleep Apnea,130,85
185,186,Female,42,Teacher,6.8,6,45,7,Overweight,78,5000,Sleep Apnea,130,85
186,187,Female,43,Teacher,6.7,7,45,4,Overweight,65,6000,Insomnia,135,90
187,188,Male,43,Salesperson,6.3,6,45,7,Overweight,72,6000,Insomnia,130,85
188,189,Female,43,Teacher,6.7,7,45,4,Overweight,65,6000,Insomnia,135,90
189,190,Male,43,Salesperson,6.5,6,45,7,Overweight,72,6000,Insomnia,130,85
190,191,Female,43,Teacher,6.7,7,45,4,Overweight,65,6000,Insomnia,135,90
191,192,Male,43,Salesperson,6.4,6,45,7,Overweight,72,6000,Insomnia,130,85
192,193,Male,43,Salesperson,6.5,6,45,7,Overweight,72,6000,Insomnia,130,85
193,194,Male,43,Salesperson,6.5,6,45,7,Overweight,72,6000,Insomnia,130,85
194,195,Male,43,Salesperson,6.5,6,45,7,Overweight,72,6000,Insomnia,130,85
195,196,Male,43,Salesperson,6.5,6,45,7,Overweight,72,6000,Insomnia,130,85
196,197,Male,43,Salesperson,6.5,6,45,7,Overweight,72,6000,Insomnia,130,85
197,198,Male,43,Salesperson,6.5,6,45,7,Overweight,72,6000,Insomnia,130,85
198,199,Male,43,Salesperson,6.5,6,45,7,Overweight,72,6000,Insomnia,130,85
199,200,Male,43,Salesperson,6.5,6,45,7,Overweight,72,6000,Insomnia,130,85
200,201,Male,43,Salesperson,6.5,6,45,7,Overweight,72,6000,Insomnia,130,85
201,202,Male,43,Engineer,7.8,8,90,5,Normal,70,8000,Insomnia,130,85
202,203,Male,43,Engineer,7.8,8,90,5,Normal,70,8000,Insomnia,130,85
203,204,Male,43,Engineer,6.9,6,47,7,Normal Weight,69,6800,,117,76
204,205,Male,43,Engineer,7.6,8,75,4,Overweight,68,6800,,122,80
205,206,Male,43,Engineer,7.7,8,90,5,Normal,70,8000,,130,85
206,207,Male,43,Engineer,7.7,8,90,5,Normal,70,8000,,130,85
207,208,Male,43,Engineer,7.7,8,90,5,Normal,70,8000,,130,85
208,209,Male,43,Engineer,7.7,8,90,5,Normal,70,8000,,130,85
209,210,Male,43,Engineer,7.8,8,90,5,Normal,70,8000,,130,85
210,211,Male,43,Engineer,7.7,8,90,5,Normal,70,8000,,130,85
211,212,Male,43,Engineer,7.8,8,90,5,Normal,70,8000,,130,85
212,213,Male,43,Engineer,7.8,8,90,5,Normal,70,8000,,130,85
213,214,Male,43,Engineer,7.8,8,90,5,Normal,70,8000,,130,85
214,215,Male,43,Engineer,7.8,8,90,5,Normal,70,8000,,130,85
215,216,Male,43,Engineer,7.8,8,90,5,Normal,70,8000,,130,85
216,217,Male,43,Engineer,7.8,8,90,5,Normal,70,8000,,130,85
217,218,Male,43,Engineer,7.8,8,90,5,Normal,70,8000,,130,85
218,219,Male,43,Engineer,7.8,8,90,5,Normal,70,8000,Sleep Apnea,130,85
219,220,Male,43,Salesperson,6.5,6,45,7,Overweight,72,6000,Sleep Apnea,130,85
220,221,Female,44,Teacher,6.6,7,45,4,Overweight,65,6000,Insomnia,135,90
221,222,Male,44,Salesperson,6.4,6,45,7,Overweight,72,6000,Insomnia,130,85
222,223,Male,44,Salesperson,6.3,6,45,7,Overweight,72,6000,Insomnia,130,85
223,224,Male,44,Salesperson,6.4,6,45,7,Overweight,72,6000,Insomnia,130,85
224,225,Female,44,Teacher,6.6,7,45,4,Overweight,65,6000,Insomnia,135,90
225,226,Male,44,Salesperson,6.3,6,45,7,Overweight,72,6000,Insomnia,130,85
226,227,Female,44,Teacher,6.6,7,45,4,Overweight,65,6000,Insomnia,135,90
227,228,Male,44,Salesperson,6.3,6,45,7,Overweight,72,6000,Insomnia,130,85
228,229,Female,44,Teacher,6.6,7,45,4,Overweight,65,6000,Insomnia,135,90
229,230,Male,44,Salesperson,6.3,6,45,7,Overweight,72,6000,Insomnia,130,85
230,231,Female,44,Teacher,6.6,7,45,4,Overweight,65,6000,Insomnia,135,90
231,232,Male,44,Salesperson,6.3,6,45,7,Overweight,72,6000,Insomnia,130,85
232,233,Female,44,Teacher,6.6,7,45,4,Overweight,65,6000,Insomnia,135,90
233,234,Male,44,Salesperson,6.3,6,45,7,Overweight,72,6000,Insomnia,130,85
234,235,Female,44,Teacher,6.6,7,45,4,Overweight,65,6000,Insomnia,135,90
235,236,Male,44,Salesperson,6.3,6,45,7,Overweight,72,6000,Insomnia,130,85
236,237,Male,44,Salesperson,6.4,6,45,7,Overweight,72,6000,Insomnia,130,85
237,238,Female,44,Teacher,6.5,7,45,4,Overweight,65,6000,Insomnia,135,90
238,239,Male,44,Salesperson,6.3,6,45,7,Overweight,72,6000,Insomnia,130,85
239,240,Male,44,Salesperson,6.4,6,45,7,Overweight,72,6000,Insomnia,130,85
240,241,Female,44,Teacher,6.5,7,45,4,Overweight,65,6000,Insomnia,135,90
241,242,Male,44,Salesperson,6.3,6,45,7,Overweight,72,6000,Insomnia,130,85
242,243,Male,44,Salesperson,6.4,6,45,7,Overweight,72,6000,Insomnia,130,85
243,244,Female,44,Teacher,6.5,7,45,4,Overweight,65,6000,Insomnia,135,90
244,245,Male,44,Salesperson,6.3,6,45,7,Overweight,72,6000,Insomnia,130,85
245,246,Female,44,Teacher,6.5,7,45,4,Overweight,65,6000,Insomnia,135,90
246,247,Male,44,Salesperson,6.3,6,45,7,Overweight,72,6000,Insomnia,130,85
247,248,Male,44,Engineer,6.8,7,45,7,Overweight,78,5000,Insomnia,130,85
248,249,Male,44,Salesperson,6.4,6,45,7,Overweight,72,6000,,130,85
249,250,Male,44,Salesperson,6.5,6,45,7,Overweight,72,6000,,130,85
250,251,Female,45,Teacher,6.8,7,30,6,Overweight,65,6000,Insomnia,135,90
251,252,Female,45,Teacher,6.8,7,30,6,Overweight,65,6000,Insomnia,135,90
252,253,Female,45,Teacher,6.5,7,45,4,Overweight,65,6000,Insomnia,135,90
253,254,Female,45,Teacher,6.5,7,45,4,Overweight,65,6000,Insomnia,135,90
254,255,Female,45,Teacher,6.5,7,45,4,Overweight,65,6000,Insomnia,135,90
255,256,Female,45,Teacher,6.5,7,45,4,Overweight,65,6000,Insomnia,135,90
256,257,Female,45,Teacher,6.6,7,45,4,Overweight,65,6000,Insomnia,135,90
257,258,Female,45,Teacher,6.6,7,45,4,Overweight,65,6000,Insomnia,135,90
258,259,Female,45,Teacher,6.6,7,45,4,Overweight,65,6000,Insomnia,135,90
259,260,Female,45,Teacher,6.6,7,45,4,Overweight,65,6000,Insomnia,135,90
260,261,Female,45,Teacher,6.6,7,45,4,Overweight,65,6000,Insomnia,135,90
261,262,Female,45,Teacher,6.6,7,45,4,Overweight,65,6000,,135,90
262,263,Female,45,Teacher,6.6,7,45,4,Overweight,65,6000,,135,90
263,264,Female,45,Manager,6.9,7,55,5,Overweight,75,5500,,125,82
264,265,Male,48,Doctor,7.3,7,65,5,Obese,83,3500,Insomnia,142,92
265,266,Female,48,Nurse,5.9,6,90,8,Overweight,75,10000,Sleep Apnea,140,95
266,267,Male,48,Doctor,7.3,7,65,5,Obese,83,3500,Insomnia,142,92
267,268,Female,49,Nurse,6.2,6,90,8,Overweight,75,10000,,140,95
268,269,Female,49,Nurse,6.0,6,90,8,Overweight,75,10000,Sleep Apnea,140,95
269,270,Female,49,Nurse,6.1,6,90,8,Overweight,75,10000,Sleep Apnea,140,95
270,271,Female,49,Nurse,6.1,6,90,8,Overweight,75,10000,Sleep Apnea,140,95
271,272,Female,49,Nurse,6.1,6,90,8,Overweight,75,10000,Sleep Apnea,140,95
272,273,Female,49,Nurse,6.1,6,90,8,Overweight,75,10000,Sleep Apnea,140,95
273,274,Female,49,Nurse,6.2,6,90,8,Overweight,75,10000,Sleep Apnea,140,95
274,275,Female,49,Nurse,6.2,6,90,8,Overweight,75,10000,Sleep Apnea,140,95
275,276,Female,49,Nurse,6.2,6,90,8,Overweight,75,10000,Sleep Apnea,140,95
276,277,Male,49,Doctor,8.1,9,85,3,Obese,86,3700,Sleep Apnea,139,91
277,278,Male,49,Doctor,8.1,9,85,3,Obese,86,3700,Sleep Apnea,139,91
278,279,Female,50,Nurse,6.1,6,90,8,Overweight,75,10000,Insomnia,140,95
279,280,Female,50,Engineer,8.3,9,30,3,Normal,65,5000,,125,80
280,281,Female,50,Nurse,6.0,6,90,8,Overweight,75,10000,,140,95
281,282,Female,50,Nurse,6.1,6,90,8,Overweight,75,10000,Sleep Apnea,140,95
282,283,Female,50,Nurse,6.0,6,90,8,Overweight,75,10000,Sleep Apnea,140,95
283,284,Female,50,Nurse,6.0,6,90,8,Overweight,75,10000,Sleep Apnea,140,95
284,285,Female,50,Nurse,6.0,6,90,8,Overweight,75,10000,Sleep Apnea,140,95
285,286,Female,50,Nurse,6.0,6,90,8,Overweight,75,10000,Sleep Apnea,140,95
286,287,Female,50,Nurse,6.0,6,90,8,Overweight,75,10000,Sleep Apnea,140,95
287,288,Female,50,Nurse,6.0,6,90,8,Overweight,75,10000,Sleep Apnea,140,95
288,289,Female,50,Nurse,6.0,6,90,8,Overweight,75,10000,Sleep Apnea,140,95
289,290,Female,50,Nurse,6.1,6,90,8,Overweight,75,10000,Sleep Apnea,140,95
290,291,Female,50,Nurse,6.0,6,90,8,Overweight,75,10000,Sleep Apnea,140,95
291,292,Female,50,Nurse,6.1,6,90,8,Overweight,75,10000,Sleep Apnea,140,95
292,293,Female,50,Nurse,6.1,6,90,8,Overweight,75,10000,Sleep Apnea,140,95
293,294,Female,50,Nurse,6.0,6,90,8,Overweight,75,10000,Sleep Apnea,140,95
294,295,Female,50,Nurse,6.1,6,90,8,Overweight,75,10000,Sleep Apnea,140,95
295,296,Female,50,Nurse,6.0,6,90,8,Overweight,75,10000,Sleep Apnea,140,95
296,297,Female,50,Nurse,6.1,6,90,8,Overweight,75,10000,Sleep Apnea,140,95
297,298,Female,50,Nurse,6.1,6,90,8,Overweight,75,10000,Sleep Apnea,140,95
298,299,Female,51,Engineer,8.5,9,30,3,Normal,65,5000,,125,80
299,300,Female,51,Engineer,8.5,9,30,3,Normal,65,5000,,125,80
300,301,Female,51,Engineer,8.5,9,30,3,Normal,65,5000,,125,80
301,302,Female,51,Engineer,8.5,9,30,3,Normal,65,5000,,125,80
302,303,Female,51,Nurse,7.1,7,55,6,Normal Weight,72,6000,,125,82
303,304,Female,51,Nurse,6.0,6,90,8,Overweight,75,10000,Sleep Apnea,140,95
304,305,Female,51,Nurse,6.1,6,90,8,Overweight,75,10000,Sleep Apnea,140,95
305,306,Female,51,Nurse,6.1,6,90,8,Overweight,75,10000,Sleep Apnea,140,95
306,307,Female,52,Accountant,6.5,7,45,7,Overweight,72,6000,Insomnia,130,85
307,308,Female,52,Accountant,6.5,7,45,7,Overweight,72,6000,Insomnia,130,85
308,309,Female,52,Accountant,6.6,7,45,7,Overweight,72,6000,Insomnia,130,85
309,310,Female,52,Accountant,6.6,7,45,7,Overweight,72,6000,Insomnia,130,85
310,311,Female,52,Accountant,6.6,7,45,7,Overweight,72,6000,Insomnia,130,85
311,312,Female,52,Accountant,6.6,7,45,7,Overweight,72,6000,Insomnia,130,85
312,313,Female,52,Engineer,8.4,9,30,3,Normal,65,5000,,125,80
313,314,Female,52,Engineer,8.4,9,30,3,Normal,65,5000,,125,80
314,315,Female,52,Engineer,8.4,9,30,3,Normal,65,5000,,125,80
315,316,Female,53,Engineer,8.3,9,30,3,Normal,65,5000,Insomnia,125,80
316,317,Female,53,Engineer,8.5,9,30,3,Normal,65,5000,,125,80
317,318,Female,53,Engineer,8.5,9,30,3,Normal,65,5000,,125,80
318,319,Female,53,Engineer,8.4,9,30,3,Normal,65,5000,,125,80
319,320,Female,53,Engineer,8.4,9,30,3,Normal,65,5000,,125,80
320,321,Female,53,Engineer,8.5,9,30,3,Normal,65,5000,,125,80
321,322,Female,53,Engineer,8.4,9,30,3,Normal,65,5000,,125,80
322,323,Female,53,Engineer,8.4,9,30,3,Normal,65,5000,,125,80
323,324,Female,53,Engineer,8.5,9,30,3,Normal,65,5000,,125,80
324,325,Female,53,Engineer,8.3,9,30,3,Normal,65,5000,,125,80
325,326,Female,53,Engineer,8.5,9,30,3,Normal,65,5000,,125,80
326,327,Female,53,Engineer,8.3,9,30,3,Normal,65,5000,,125,80
327,328,Female,53,Engineer,8.5,9,30,3,Normal,65,5000,,125,80
328,329,Female,53,Engineer,8.3,9,30,3,Normal,65,5000,,125,80
329,330,Female,53,Engineer,8.5,9,30,3,Normal,65,5000,,125,80
330,331,Female,53,Engineer,8.5,9,30,3,Normal,65,5000,,125,80
331,332,Female,53,Engineer,8.4,9,30,3,Normal,65,5000,,125,80
332,333,Female,54,Engineer,8.4,9,30,3,Normal,65,5000,,125,80
333,334,Female,54,Engineer,8.4,9,30,3,Normal,65,5000,,125,80
334,335,Female,54,Engineer,8.4,9,30,3,Normal,65,5000,,125,80
335,336,Female,54,Engineer,8.4,9,30,3,Normal,65,5000,,125,80
336,337,Female,54,Engineer,8.4,9,30,3,Normal,65,5000,,125,80
337,338,Female,54,Engineer,8.4,9,30,3,Normal,65,5000,,125,80
338,339,Female,54,Engineer,8.5,9,30,3,Normal,65,5000,,125,80
339,340,Female,55,Nurse,8.1,9,75,4,Overweight,72,5000,Sleep Apnea,140,95
340,341,Female,55,Nurse,8.1,9,75,4,Overweight,72,5000,Sleep Apnea,140,95
341,342,Female,56,Doctor,8.2,9,90,3,Normal Weight,65,10000,,118,75
342,343,Female,56,Doctor,8.2,9,90,3,Normal Weight,65,10000,,118,75
343,344,Female,57,Nurse,8.1,9,75,3,Overweight,68,7000,,140,95
344,345,Female,57,Nurse,8.2,9,75,3,Overweight,68,7000,Sleep Apnea,140,95
345,346,Female,57,Nurse,8.2,9,75,3,Overweight,68,7000,Sleep Apnea,140,95
346,347,Female,57,Nurse,8.2,9,75,3,Overweight,68,7000,Sleep Apnea,140,95
347,348,Female,57,Nurse,8.2,9,75,3,Overweight,68,7000,Sleep Apnea,140,95
348,349,Female,57,Nurse,8.2,9,75,3,Overweight,68,7000,Sleep Apnea,140,95
349,350,Female,57,Nurse,8.1,9,75,3,Overweight,68,7000,Sleep Apnea,140,95
350,351,Female,57,Nurse,8.1,9,75,3,Overweight,68,7000,Sleep Apnea,140,95
351,352,Female,57,Nurse,8.1,9,75,3,Overweight,68,7000,Sleep Apnea,140,95
352,353,Female,58,Nurse,8.0,9,75,3,Overweight,68,7000,Sleep Apnea,140,95
353,354,Female,58,Nurse,8.0,9,75,3,Overweight,68,7000,Sleep Apnea,140,95
354,355,Female,58,Nurse,8.0,9,75,3,Overweight,68,7000,Sleep Apnea,140,95
355,356,Female,58,Nurse,8.0,9,75,3,Overweight,68,7000,Sleep Apnea,140,95
356,357,Female,58,Nurse,8.0,9,75,3,Overweight,68,7000,Sleep Apnea,140,95
357,358,Female,58,Nurse,8.0,9,75,3,Overweight,68,7000,Sleep Apnea,140,95
358,359,Female,59,Nurse,8.0,9,75,3,Overweight,68,7000,,140,95
359,360,Female,59,Nurse,8.1,9,75,3,Overweight,68,7000,,140,95
360,361,Female,59,Nurse,8.2,9,75,3,Overweight,68,7000,Sleep Apnea,140,95
361,362,Female,59,Nurse,8.2,9,75,3,Overweight,68,7000,Sleep Apnea,140,95
362,363,Female,59,Nurse,8.2,9,75,3,Overweight,68,7000,Sleep Apnea,140,95
363,364,Female,59,Nurse,8.2,9,75,3,Overweight,68,7000,Sleep Apnea,140,95
364,365,Female,59,Nurse,8.0,9,75,3,Overweight,68,7000,Sleep Apnea,140,95
365,366,Female,59,Nurse,8.0,9,75,3,Overweight,68,7000,Sleep Apnea,140,95
366,367,Female,59,Nurse,8.1,9,75,3,Overweight,68,7000,Sleep Apnea,140,95
367,368,Female,59,Nurse,8.0,9,75,3,Overweight,68,7000,Sleep Apnea,140,95
368,369,Female,59,Nurse,8.1,9,75,3,Overweight,68,7000,Sleep Apnea,140,95
369,370,Female,59,Nurse,8.1,9,75,3,Overweight,68,7000,Sleep Apnea,140,95
370,371,Female,59,Nurse,8.0,9,75,3,Overweight,68,7000,Sleep Apnea,140,95
371,372,Female,59,Nurse,8.1,9,75,3,Overweight,68,7000,Sleep Apnea,140,95
372,373,Female,59,Nurse,8.1,9,75,3,Overweight,68,7000,Sleep Apnea,140,95
373,374,Female,59,Nurse,8.1,9,75,3,Overweight,68,7000,Sleep Apnea,140,95
